{
    "node_features": {
        "mean": [
            [
                2.7608466148376465,
                0.07081817835569382,
                3.545454502105713,
                -6.773255289971303e-10
            ]
        ],
        "std": [
            [
                0.6597293019294739,
                0.06944974511861801,
                2.906925678253174,
                0.3182351887226105
            ]
        ]
    },
    "bond_features": {
        "mean": [
            [
                381.23809814453125,
                1.2150475978851318,
                0.0
            ]
        ],
        "std": [
            [
                82.07795715332031,
                0.18223926424980164,
                9.99999993922529e-09
            ]
        ]
    },
    "nonbond_features": {
        "mean": [
            [
                2.731851816177368,
                0.05190364271402359,
                0.0032934341579675674
            ]
        ],
        "std": [
            [
                82.07795715332031,
                0.18223926424980164,
                9.99999993922529e-09
            ]
        ]
    },
    "angle_features": {
        "mean": [
            [
                52.25,
                113.05783081054688,
                0.0
            ]
        ],
        "std": [
            [
                14.61970329284668,
                5.123403549194336,
                9.99999993922529e-09
            ]
        ]
    },
    "dihedral_features": {
        "mean": [
            [
                0.9073135256767273,
                51.0447998046875,
                2.2238805294036865
            ]
        ],
        "std": [
            [
                1.9066808223724365,
                81.74491119384766,
                0.7750052809715271
            ]
        ]
    }
}